{
  "name": "fil.one EU West 1",
  "providerKey": "fil-one-eu-west-1",
  "aggregates": {
    "upload_small": {
      "count": 5,
      "okCount": 5,
      "failCount": 0,
      "successRate": 1,
      "minMs": 1682.5285829999993,
      "maxMs": 2680.9204169999994,
      "meanMs": 2231.9589832,
      "medianMs": 2445.688707999998,
      "p95Ms": 2680.9204169999994,
      "stdevMs": 403.5089122046172,
      "cv": 0.18078688508249338,
      "totalBytes": 41943040,
      "meanThroughputMiBs": 3.7143323946071787,
      "medianThroughputMiBs": 3.2710622467329995
    },
    "head_object_small": {
      "count": 5,
      "okCount": 5,
      "failCount": 0,
      "successRate": 1,
      "minMs": 187.58591700000034,
      "maxMs": 478.9362920000003,
      "meanMs": 325.9433500000003,
      "medianMs": 316.4313750000001,
      "p95Ms": 478.9362920000003,
      "stdevMs": 101.75736967415705,
      "cv": 0.31219342156898416,
      "totalBytes": 41943040,
      "meanThroughputMiBs": null,
      "medianThroughputMiBs": null
    },
    "download_small": {
      "count": 5,
      "okCount": 5,
      "failCount": 0,
      "successRate": 1,
      "minMs": 1806.4324590000033,
      "maxMs": 5291.1773749999975,
      "meanMs": 3137.065016800001,
      "medianMs": 2816.9355000000032,
      "p95Ms": 5291.1773749999975,
      "stdevMs": 1243.323921223969,
      "cv": 0.39633348832923954,
      "totalBytes": 41943040,
      "meanThroughputMiBs": 2.9427758419644534,
      "medianThroughputMiBs": 2.839965629315968
    },
    "range_read_small": {
      "count": 5,
      "okCount": 5,
      "failCount": 0,
      "successRate": 1,
      "minMs": 65.04766599999857,
      "maxMs": 155.89662500000122,
      "meanMs": 125.61181639999995,
      "medianMs": 140.12825000000157,
      "p95Ms": 155.89662500000122,
      "stdevMs": 32.36435393155567,
      "cv": 0.25765373719693846,
      "totalBytes": 20480,
      "meanThroughputMiBs": 0.0344067923503076,
      "medianThroughputMiBs": 0.02787624907896842
    },
    "delete_small": {
      "count": 5,
      "okCount": 5,
      "failCount": 0,
      "successRate": 1,
      "minMs": 40.02287499999875,
      "maxMs": 178.87675000000309,
      "meanMs": 96.60943320000078,
      "medianMs": 44.99791600000026,
      "p95Ms": 178.87675000000309,
      "stdevMs": 65.60108728283191,
      "cv": 0.6790339732873144,
      "totalBytes": 0,
      "meanThroughputMiBs": null,
      "medianThroughputMiBs": null
    },
    "post_delete_head_small": {
      "count": 5,
      "okCount": 5,
      "failCount": 0,
      "successRate": 1,
      "minMs": 39.735083999999915,
      "maxMs": 174.489459000004,
      "meanMs": 67.72932540000038,
      "medianMs": 40.51375000000189,
      "p95Ms": 174.489459000004,
      "stdevMs": 53.40387594135008,
      "cv": 0.7884897070206133,
      "totalBytes": 0,
      "meanThroughputMiBs": null,
      "medianThroughputMiBs": null
    },
    "upload_medium": {
      "count": 5,
      "okCount": 5,
      "failCount": 0,
      "successRate": 1,
      "minMs": 16258.777083000008,
      "maxMs": 50009.596583000006,
      "meanMs": 29004.3212,
      "medianMs": 25429.741916999992,
      "p95Ms": 50009.596583000006,
      "stdevMs": 11659.297947927333,
      "cv": 0.4019848583088831,
      "totalBytes": 335544320,
      "meanThroughputMiBs": 2.5433939888846298,
      "medianThroughputMiBs": 2.5167380860131923
    },
    "head_object_medium": {
      "count": 5,
      "okCount": 5,
      "failCount": 0,
      "successRate": 1,
      "minMs": 589.0662089999823,
      "maxMs": 1043.4560829999973,
      "meanMs": 775.6416667999932,
      "medianMs": 797.6076669999893,
      "p95Ms": 1043.4560829999973,
      "stdevMs": 170.4050140336411,
      "cv": 0.21969553896797256,
      "totalBytes": 335544320,
      "meanThroughputMiBs": null,
      "medianThroughputMiBs": null
    },
    "download_medium": {
      "count": 5,
      "okCount": 5,
      "failCount": 0,
      "successRate": 1,
      "minMs": 12956.839833000005,
      "maxMs": 15649.759416000015,
      "meanMs": 13906.122866200001,
      "medianMs": 13004.483915999997,
      "p95Ms": 15649.759416000015,
      "stdevMs": 1155.9046071138791,
      "cv": 0.08312199009282467,
      "totalBytes": 335544320,
      "meanThroughputMiBs": 4.632997584886981,
      "medianThroughputMiBs": 4.921379457531408
    },
    "range_read_medium": {
      "count": 5,
      "okCount": 5,
      "failCount": 0,
      "successRate": 1,
      "minMs": 67.98104199999943,
      "maxMs": 254.50608399999328,
      "meanMs": 149.68871680000447,
      "medianMs": 137.33425000001444,
      "p95Ms": 254.50608399999328,
      "stdevMs": 61.180922345913835,
      "cv": 0.40872100218252394,
      "totalBytes": 20480,
      "meanThroughputMiBs": 0.031301281093760534,
      "medianThroughputMiBs": 0.02844337810851692
    },
    "delete_medium": {
      "count": 5,
      "okCount": 5,
      "failCount": 0,
      "successRate": 1,
      "minMs": 43.47629099999904,
      "maxMs": 127.89329100000032,
      "meanMs": 72.89653320000798,
      "medianMs": 44.390875000011874,
      "p95Ms": 127.89329100000032,
      "stdevMs": 36.251144412522756,
      "cv": 0.49729586334455184,
      "totalBytes": 0,
      "meanThroughputMiBs": null,
      "medianThroughputMiBs": null
    },
    "post_delete_head_medium": {
      "count": 5,
      "okCount": 5,
      "failCount": 0,
      "successRate": 1,
      "minMs": 39.41304100000707,
      "maxMs": 179.09687500001746,
      "meanMs": 90.74799140000542,
      "medianMs": 42.443874999997206,
      "p95Ms": 179.09687500001746,
      "stdevMs": 61.88625734556517,
      "cv": 0.6819573236919211,
      "totalBytes": 0,
      "meanThroughputMiBs": null,
      "medianThroughputMiBs": null
    },
    "upload_large": {
      "count": 5,
      "okCount": 5,
      "failCount": 0,
      "successRate": 1,
      "minMs": 37086.74679200002,
      "maxMs": 279099.297,
      "meanMs": 88786.13471680002,
      "medianMs": 41555.73591699998,
      "p95Ms": 279099.297,
      "stdevMs": 95190.95908687999,
      "cv": 1.0721376641804417,
      "totalBytes": 1342177280,
      "meanThroughputMiBs": 5.177698347603895,
      "medianThroughputMiBs": 6.160401069814125
    },
    "head_object_large": {
      "count": 5,
      "okCount": 5,
      "failCount": 0,
      "successRate": 1,
      "minMs": 1945.5706670000218,
      "maxMs": 2638.420999999973,
      "meanMs": 2182.434250000003,
      "medianMs": 2053.78208299994,
      "p95Ms": 2638.420999999973,
      "stdevMs": 260.8839722464747,
      "cv": 0.11953806729640278,
      "totalBytes": 1342177280,
      "meanThroughputMiBs": null,
      "medianThroughputMiBs": null
    },
    "download_large": {
      "count": 5,
      "okCount": 5,
      "failCount": 0,
      "successRate": 1,
      "minMs": 31794.36762500007,
      "maxMs": 44774.14770799992,
      "meanMs": 35633.41347480002,
      "medianMs": 32745.38733300008,
      "p95Ms": 44774.14770799992,
      "stdevMs": 4878.399083985464,
      "cv": 0.13690518556229456,
      "totalBytes": 1342177280,
      "meanThroughputMiBs": 7.3037942949359405,
      "medianThroughputMiBs": 7.817895002940118
    },
    "delete_large": {
      "count": 5,
      "okCount": 5,
      "failCount": 0,
      "successRate": 1,
      "minMs": 42.510167000000365,
      "maxMs": 172.72608299995773,
      "meanMs": 96.77394999996758,
      "medianMs": 103.86824999994133,
      "p95Ms": 172.72608299995773,
      "stdevMs": 48.749812770311195,
      "cv": 0.5037493330625393,
      "totalBytes": 0,
      "meanThroughputMiBs": null,
      "medianThroughputMiBs": null
    },
    "post_delete_head_large": {
      "count": 5,
      "okCount": 5,
      "failCount": 0,
      "successRate": 1,
      "minMs": 34.45491700002458,
      "maxMs": 116.48870899993926,
      "meanMs": 52.49250060000922,
      "medianMs": 37.06583400000818,
      "p95Ms": 116.48870899993926,
      "stdevMs": 32.05563024505472,
      "cv": 0.610670664926355,