{
  "name": "Cloudflare R2",
  "providerKey": "cloudflare-r2",
  "aggregates": {
    "upload_small": {
      "count": 5,
      "okCount": 5,
      "failCount": 0,
      "successRate": 1,
      "minMs": 617.9855419998057,
      "maxMs": 924.2767079998739,
      "meanMs": 735.7093501999974,
      "medianMs": 702.1148749999702,
      "p95Ms": 924.2767079998739,
      "stdevMs": 101.75627856652189,
      "cv": 0.13831043269853802,
      "totalBytes": 41943040,
      "meanThroughputMiBs": 11.063795830262617,
      "medianThroughputMiBs": 11.394146862363996
    },
    "head_object_small": {
      "count": 5,
      "okCount": 5,
      "failCount": 0,
      "successRate": 1,
      "minMs": 72.00295800017193,
      "maxMs": 112.28254199959338,
      "meanMs": 92.39848339986057,
      "medianMs": 92.8134579998441,
      "p95Ms": 112.28254199959338,
      "stdevMs": 14.508428653933883,
      "cv": 0.15702020336359523,
      "totalBytes": 41943040,
      "meanThroughputMiBs": null,
      "medianThroughputMiBs": null
    },
    "download_small": {
      "count": 5,
      "okCount": 5,
      "failCount": 0,
      "successRate": 1,
      "minMs": 541.160666000098,
      "maxMs": 1364.827459000051,
      "meanMs": 756.7620500001125,
      "medianMs": 613.3871670002118,
      "p95Ms": 1364.827459000051,
      "stdevMs": 306.41573560418175,
      "cv": 0.40490367560600615,
      "totalBytes": 41943040,
      "meanThroughputMiBs": 11.809379945282501,
      "medianThroughputMiBs": 13.042333505482741
    },
    "range_read_small": {
      "count": 5,
      "okCount": 5,
      "failCount": 0,
      "successRate": 1,
      "minMs": 58.9595420002006,
      "maxMs": 119.41883300011978,
      "meanMs": 82.01991660008207,
      "medianMs": 80.8372920001857,
      "p95Ms": 119.41883300011978,
      "stdevMs": 21.898187861844775,
      "cv": 0.26698622443884396,
      "totalBytes": 20480,
      "meanThroughputMiBs": 0.05088231151422458,
      "medianThroughputMiBs": 0.04832237576675659
    },
    "delete_small": {
      "count": 5,
      "okCount": 5,
      "failCount": 0,
      "successRate": 1,
      "minMs": 84.47412500018254,
      "maxMs": 106.69666699972004,
      "meanMs": 94.2562334000133,
      "medianMs": 93.76008399995044,
      "p95Ms": 106.69666699972004,
      "stdevMs": 8.501687595352397,
      "cv": 0.09019761652549971,
      "totalBytes": 0,
      "meanThroughputMiBs": null,
      "medianThroughputMiBs": null
    },
    "post_delete_head_small": {
      "count": 5,
      "okCount": 5,
      "failCount": 0,
      "successRate": 1,
      "minMs": 56.10504199983552,
      "maxMs": 79.69045799970627,
      "meanMs": 65.67148339990527,
      "medianMs": 60.00579199986532,
      "p95Ms": 79.69045799970627,
      "stdevMs": 9.04176762927019,
      "cv": 0.13768179369743355,
      "totalBytes": 0,
      "meanThroughputMiBs": null,
      "medianThroughputMiBs": null
    },
    "upload_medium": {
      "count": 5,
      "okCount": 5,
      "failCount": 0,
      "successRate": 1,
      "minMs": 5929.354332999792,
      "maxMs": 10100.125,
      "meanMs": 8591.483199799992,
      "medianMs": 9637.799458000343,
      "p95Ms": 10100.125,
      "stdevMs": 1614.4504965104206,
      "cv": 0.18791289687303409,
      "totalBytes": 335544320,
      "meanThroughputMiBs": 7.7671720813174066,
      "medianThroughputMiBs": 6.640519994102343
    },
    "head_object_medium": {
      "count": 5,
      "okCount": 5,
      "failCount": 0,
      "successRate": 1,
      "minMs": 93.65945800021291,
      "maxMs": 137.540916999802,
      "meanMs": 108.12214160002767,
      "medianMs": 99.84012500010431,
      "p95Ms": 137.540916999802,
      "stdevMs": 16.029160891909825,
      "cv": 0.14825049388316705,
      "totalBytes": 335544320,
      "meanThroughputMiBs": null,
      "medianThroughputMiBs": null
    },
    "download_medium": {
      "count": 5,
      "okCount": 5,
      "failCount": 0,
      "successRate": 1,
      "minMs": 5518.773624999914,
      "maxMs": 8524.297582999803,
      "meanMs": 7400.860433199909,
      "medianMs": 7693.804624999873,
      "p95Ms": 8524.297582999803,
      "stdevMs": 1000.6504730922206,
      "cv": 0.1352073157066103,
      "totalBytes": 335544320,
      "meanThroughputMiBs": 8.838394018914117,
      "medianThroughputMiBs": 8.318381232614295
    },
    "range_read_medium": {
      "count": 5,
      "okCount": 5,
      "failCount": 0,
      "successRate": 1,
      "minMs": 63.32070800010115,
      "maxMs": 78.53045800002292,
      "meanMs": 70.44082500012591,
      "medianMs": 71.98720900015905,
      "p95Ms": 78.53045800002292,
      "stdevMs": 5.272314715824786,
      "cv": 0.07484742996430496,
      "totalBytes": 20480,
      "meanThroughputMiBs": 0.05576491868806843,
      "medianThroughputMiBs": 0.05426311221471816
    },
    "delete_medium": {
      "count": 5,
      "okCount": 5,
      "failCount": 0,
      "successRate": 1,
      "minMs": 79.57708400022238,
      "maxMs": 242.33745900029317,
      "meanMs": 115.8626502001658,
      "medianMs": 82.53387500019744,
      "p95Ms": 242.33745900029317,
      "stdevMs": 63.46776329607239,
      "cv": 0.5477844947135653,
      "totalBytes": 0,
      "meanThroughputMiBs": null,
      "medianThroughputMiBs": null
    },
    "post_delete_head_medium": {
      "count": 5,
      "okCount": 5,
      "failCount": 0,
      "successRate": 1,
      "minMs": 52.950333000160754,
      "maxMs": 90.1231249999255,
      "meanMs": 63.655791400186715,
      "medianMs": 56.88033300032839,
      "p95Ms": 90.1231249999255,
      "stdevMs": 13.692109404986178,
      "cv": 0.21509605180945118,
      "totalBytes": 0,
      "meanThroughputMiBs": null,
      "medianThroughputMiBs": null
    },
    "upload_large": {
      "count": 5,
      "okCount": 5,
      "failCount": 0,
      "successRate": 1,
      "minMs": 25386.705667000264,
      "maxMs": 45395.5788329998,
      "meanMs": 36199.6118334,
      "medianMs": 37754.33912499994,
      "p95Ms": 45395.5788329998,
      "stdevMs": 7787.836273519232,
      "cv": 0.21513590558265858,
      "totalBytes": 1342177280,
      "meanThroughputMiBs": 7.438294245368516,
      "medianThroughputMiBs": 6.780677557417063
    },
    "head_object_large": {
      "count": 5,
      "okCount": 5,
      "failCount": 0,
      "successRate": 1,
      "minMs": 87.93137499969453,
      "maxMs": 125.75887499982491,
      "meanMs": 110.33555859997868,
      "medianMs": 110.21633400022984,
      "p95Ms": 125.75887499982491,
      "stdevMs": 12.948272589325711,
      "cv": 0.11735357806334805,
      "totalBytes": 1342177280,
      "meanThroughputMiBs": null,
      "medianThroughputMiBs": null
    },
    "download_large": {
      "count": 5,
      "okCount": 5,
      "failCount": 0,
      "successRate": 1,
      "minMs": 27635.75612499984,
      "maxMs": 48694.87479100004,
      "meanMs": 35512.69594159992,
      "medianMs": 34108.40270800004,
      "p95Ms": 48694.87479100004,
      "stdevMs": 7736.789672835824,
      "cv": 0.21785982358418673,
      "totalBytes": 1342177280,
      "meanThroughputMiBs": 7.531039783232581,
      "medianThroughputMiBs": 7.505481924545117
    },
    "delete_large": {
      "count": 5,
      "okCount": 5,
      "failCount": 0,
      "successRate": 1,
      "minMs": 89.0238749999553,
      "maxMs": 160.20166700007394,
      "meanMs": 115.79461679989473,
      "medianMs": 100.11379199987277,
      "p95Ms": 160.20166700007394,
      "stdevMs": 28.65856082395556,
      "cv": 0.24749475939352664,
      "totalBytes": 0,
      "meanThroughputMiBs": null,
      "medianThroughputMiBs": null
    },
    "post_delete_head_large": {
      "count": 5,
      "okCount": 5,
      "failCount": 0,
      "successRate": 1,
      "minMs": 60.04758300026879,
      "maxMs": 104.32908400008455,
      "meanMs": 72.29953320007772,
      "medianMs": 62.943457999732345,
      "p95Ms": 104.32908400008455,
      "stdevMs": 16.800028471200807,
      "cv": 0.23236703928238844,
      "totalBytes": 0,