{
  "name": "Hetzner FSN1",
  "providerKey": "hetzner-fsn1",
  "aggregates": {
    "upload_small": {
      "count": 5,
      "okCount": 5,
      "failCount": 0,
      "successRate": 1,
      "minMs": 563.7158749999944,
      "maxMs": 741.0079999999143,
      "meanMs": 634.3722331999801,
      "medianMs": 630.6953750001267,
      "p95Ms": 741.0079999999143,
      "stdevMs": 61.01574635742971,
      "cv": 0.09618287680979734,
      "totalBytes": 41943040,
      "meanThroughputMiBs": 12.722200641441606,
      "medianThroughputMiBs": 12.68441202696055
    },
    "head_object_small": {
      "count": 5,
      "okCount": 5,
      "failCount": 0,
      "successRate": 1,
      "minMs": 16.107708000112325,
      "maxMs": 24.308083000127226,
      "meanMs": 19.93067479999736,
      "medianMs": 19.929917000001296,
      "p95Ms": 24.308083000127226,
      "stdevMs": 2.8065882524386736,
      "cv": 0.14081752276842355,
      "totalBytes": 41943040,
      "meanThroughputMiBs": null,
      "medianThroughputMiBs": null
    },
    "download_small": {
      "count": 5,
      "okCount": 5,
      "failCount": 0,
      "successRate": 1,
      "minMs": 426.66775000002235,
      "maxMs": 974.6591670000926,
      "meanMs": 614.595466999989,
      "medianMs": 589.4992089997977,
      "p95Ms": 974.6591670000926,
      "stdevMs": 191.99568763742684,
      "cv": 0.31239359537520034,
      "totalBytes": 41943040,
      "meanThroughputMiBs": 14.100881799096351,
      "medianThroughputMiBs": 13.570840940691992
    },
    "range_read_small": {
      "count": 5,
      "okCount": 5,
      "failCount": 0,
      "successRate": 1,
      "minMs": 17.79291700012982,
      "maxMs": 296.8051249999553,
      "meanMs": 106.74118340001442,
      "medianMs": 63.656666999915615,
      "p95Ms": 296.8051249999553,
      "stdevMs": 102.33724128298516,
      "cv": 0.9587418653536433,
      "totalBytes": 20480,
      "meanThroughputMiBs": 0.09211256041049345,
      "medianThroughputMiBs": 0.06136435010028374
    },
    "delete_small": {
      "count": 5,
      "okCount": 5,
      "failCount": 0,
      "successRate": 1,
      "minMs": 24.529083999805152,
      "maxMs": 52.74916600016877,
      "meanMs": 35.42198359998874,
      "medianMs": 29.42658400000073,
      "p95Ms": 52.74916600016877,
      "stdevMs": 10.446017907242332,
      "cv": 0.29490211573712244,
      "totalBytes": 0,
      "meanThroughputMiBs": null,
      "medianThroughputMiBs": null
    },
    "post_delete_head_small": {
      "count": 5,
      "okCount": 5,
      "failCount": 0,
      "successRate": 1,
      "minMs": 14.787458000006154,
      "maxMs": 19.650250000180677,
      "meanMs": 17.67141660004854,
      "medianMs": 17.912500000093132,
      "p95Ms": 19.650250000180677,
      "stdevMs": 1.7720958243010483,
      "cv": 0.10028034901832265,
      "totalBytes": 0,
      "meanThroughputMiBs": null,
      "medianThroughputMiBs": null
    },
    "upload_medium": {
      "count": 5,
      "okCount": 5,
      "failCount": 0,
      "successRate": 1,
      "minMs": 3015.4512500001583,
      "maxMs": 4287.756000000052,
      "meanMs": 3892.8837166000158,
      "medianMs": 4215.4375,
      "p95Ms": 4287.756000000052,
      "stdevMs": 494.11499507696044,
      "cv": 0.12692775614384721,
      "totalBytes": 335544320,
      "meanThroughputMiBs": 16.746743250988963,
      "medianThroughputMiBs": 15.182291280561033
    },
    "head_object_medium": {
      "count": 5,
      "okCount": 5,
      "failCount": 0,
      "successRate": 1,
      "minMs": 14.37029099999927,
      "maxMs": 23.72470899997279,
      "meanMs": 17.917750200023875,
      "medianMs": 15.713834000052884,
      "p95Ms": 23.72470899997279,
      "stdevMs": 3.5419110042670807,
      "cv": 0.19767610133678284,
      "totalBytes": 335544320,
      "meanThroughputMiBs": null,
      "medianThroughputMiBs": null
    },
    "download_medium": {
      "count": 5,
      "okCount": 5,
      "failCount": 0,
      "successRate": 1,
      "minMs": 4019.1809159999248,
      "maxMs": 8563.016541999998,
      "meanMs": 5411.914700000035,
      "medianMs": 4705.687333000125,
      "p95Ms": 8563.016541999998,
      "stdevMs": 1649.32347830806,
      "cv": 0.30475784814347673,
      "totalBytes": 335544320,
      "meanThroughputMiBs": 12.714966476458397,
      "medianThroughputMiBs": 13.600563630987486
    },
    "range_read_medium": {
      "count": 5,
      "okCount": 5,
      "failCount": 0,
      "successRate": 1,
      "minMs": 17.01699999999255,
      "maxMs": 63.80879199993797,
      "meanMs": 42.514858399983495,
      "medianMs": 51.374457999831066,
      "p95Ms": 63.80879199993797,
      "stdevMs": 20.179449224287715,
      "cv": 0.47464462975361926,
      "totalBytes": 20480,
      "meanThroughputMiBs": 0.12597580342206935,
      "medianThroughputMiBs": 0.07603486541917084
    },
    "delete_medium": {
      "count": 5,
      "okCount": 5,
      "failCount": 0,
      "successRate": 1,
      "minMs": 18.5847500001546,
      "maxMs": 78.27374999993481,
      "meanMs": 38.055342000024396,
      "medianMs": 31.280459000030532,
      "p95Ms": 78.27374999993481,
      "stdevMs": 21.917631916935346,
      "cv": 0.575941004995338,
      "totalBytes": 0,
      "meanThroughputMiBs": null,
      "medianThroughputMiBs": null
    },
    "post_delete_head_medium": {
      "count": 5,
      "okCount": 5,
      "failCount": 0,
      "successRate": 1,
      "minMs": 13.724416999844834,
      "maxMs": 16.883083999855444,
      "meanMs": 15.140891799936071,
      "medianMs": 15.207792000146583,
      "p95Ms": 16.883083999855444,
      "stdevMs": 1.076310338965159,
      "cv": 0.071086323922459,
      "totalBytes": 0,
      "meanThroughputMiBs": null,
      "medianThroughputMiBs": null
    },
    "upload_large": {
      "count": 5,
      "okCount": 5,
      "failCount": 0,
      "successRate": 1,
      "minMs": 12063.650790999876,
      "maxMs": 20150.821125000017,
      "meanMs": 15761.872291599959,
      "medianMs": 15930.532499999972,
      "p95Ms": 20150.821125000017,
      "stdevMs": 2888.187187580522,
      "cv": 0.18323883953302525,
      "totalBytes": 1342177280,
      "meanThroughputMiBs": 16.798777886191914,
      "medianThroughputMiBs": 16.06977042355618
    },
    "head_object_large": {
      "count": 5,
      "okCount": 5,
      "failCount": 0,
      "successRate": 1,
      "minMs": 20.647624999983236,
      "maxMs": 55.483291999902576,
      "meanMs": 40.98048359998502,
      "medianMs": 50.2897079999093,
      "p95Ms": 55.483291999902576,
      "stdevMs": 14.526872802342117,
      "cv": 0.3544827080163453,
      "totalBytes": 1342177280,
      "meanThroughputMiBs": null,
      "medianThroughputMiBs": null
    },
    "download_large": {
      "count": 5,
      "okCount": 5,
      "failCount": 0,
      "successRate": 1,
      "minMs": 18272.091250000056,
      "maxMs": 26619.901333000045,
      "meanMs": 21548.436883200055,
      "medianMs": 20675.057415999938,
      "p95Ms": 26619.901333000045,
      "stdevMs": 2915.343070926113,
      "cv": 0.13529255447753707,
      "totalBytes": 1342177280,
      "meanThroughputMiBs": 12.084466396165285,
      "medianThroughputMiBs": 12.382069604405919
    },
    "delete_large": {
      "count": 5,
      "okCount": 5,
      "failCount": 0,
      "successRate": 1,
      "minMs": 28.516415999969468,
      "maxMs": 76.25566599983722,
      "meanMs": 46.864099599886686,
      "medianMs": 41.2007909999229,
      "p95Ms": 76.25566599983722,
      "stdevMs": 16.621431505177075,
      "cv": 0.3546730151029566,
      "totalBytes": 0,
      "meanThroughputMiBs": null,
      "medianThroughputMiBs": null
    },
    "post_delete_head_large": {
      "count": 5,
      "okCount": 5,
      "failCount": 0,
      "successRate": 1,
      "minMs": 15.069750000024214,
      "maxMs": 25.252667000051588,
      "meanMs": 19.86057500001043,
      "medianMs": 19.56295799999498,
      "p95Ms": 25.252667000051588,
      "stdevMs": 3.6315515806458043,