{
  "name": "Impossible API",
  "providerKey": "impossible-api",
  "aggregates": {
    "upload_small": {
      "count": 5,
      "okCount": 5,
      "failCount": 0,
      "successRate": 1,
      "minMs": 441.09020800000053,
      "maxMs": 530.1622500000012,
      "meanMs": 478.16371640000034,
      "medianMs": 479.9184580000001,
      "p95Ms": 530.1622500000012,
      "stdevMs": 31.43672820116388,
      "cv": 0.06574469605900833,
      "totalBytes": 41943040,
      "meanThroughputMiBs": 16.801422993480156,
      "medianThroughputMiBs": 16.669498467175018
    },
    "head_object_small": {
      "count": 5,
      "okCount": 5,
      "failCount": 0,
      "successRate": 1,
      "minMs": 22.528917000000092,
      "maxMs": 46.46341600000051,
      "meanMs": 37.83322500000022,
      "medianMs": 39.72487500000079,
      "p95Ms": 46.46341600000051,
      "stdevMs": 8.608133935457875,
      "cv": 0.22752842073224858,
      "totalBytes": 41943040,
      "meanThroughputMiBs": null,
      "medianThroughputMiBs": null
    },
    "download_small": {
      "count": 5,
      "okCount": 5,
      "failCount": 0,
      "successRate": 1,
      "minMs": 544.4692919999998,
      "maxMs": 1378.4917080000014,
      "meanMs": 967.2415250000004,
      "medianMs": 1011.1196250000003,
      "p95Ms": 1378.4917080000014,
      "stdevMs": 292.09734649069776,
      "cv": 0.3019900810097019,
      "totalBytes": 41943040,
      "meanThroughputMiBs": 9.194533612848785,
      "medianThroughputMiBs": 7.912021290260287
    },
    "range_read_small": {
      "count": 5,
      "okCount": 5,
      "failCount": 0,
      "successRate": 1,
      "minMs": 21.822041999999783,
      "maxMs": 74.09558300000026,
      "meanMs": 49.68799979999967,
      "medianMs": 61.202165999999124,
      "p95Ms": 74.09558300000026,
      "stdevMs": 22.95625171970163,
      "cv": 0.4620079659495929,
      "totalBytes": 20480,
      "meanThroughputMiBs": 0.10555757530616208,
      "medianThroughputMiBs": 0.06382535546209354
    },
    "delete_small": {
      "count": 5,
      "okCount": 5,
      "failCount": 0,
      "successRate": 1,
      "minMs": 20.436374999999316,
      "maxMs": 22.729832999999417,
      "meanMs": 21.843149999999696,
      "medianMs": 22.235834000000068,
      "p95Ms": 22.729832999999417,
      "stdevMs": 0.8510154832710606,
      "cv": 0.03896029113342501,
      "totalBytes": 0,
      "meanThroughputMiBs": null,
      "medianThroughputMiBs": null
    },
    "post_delete_head_small": {
      "count": 5,
      "okCount": 5,
      "failCount": 0,
      "successRate": 1,
      "minMs": 14.252540999999837,
      "maxMs": 21.544708999999784,
      "meanMs": 17.805125000000224,
      "medianMs": 17.955292000000554,
      "p95Ms": 21.544708999999784,
      "stdevMs": 2.4541165791130903,
      "cv": 0.13783203314287654,
      "totalBytes": 0,
      "meanThroughputMiBs": null,
      "medianThroughputMiBs": null
    },
    "upload_medium": {
      "count": 5,
      "okCount": 5,
      "failCount": 0,
      "successRate": 1,
      "minMs": 2763.712292000004,
      "maxMs": 4280.835832999999,
      "meanMs": 3313.4864666000008,
      "medianMs": 3282.6227500000023,
      "p95Ms": 4280.835832999999,
      "stdevMs": 557.2880869032949,
      "cv": 0.16818782648451056,
      "totalBytes": 335544320,
      "meanThroughputMiBs": 19.827639729573797,
      "medianThroughputMiBs": 19.49660526784564
    },
    "head_object_medium": {
      "count": 5,
      "okCount": 5,
      "failCount": 0,
      "successRate": 1,
      "minMs": 37.50229099999706,
      "maxMs": 83.16875000000073,
      "meanMs": 55.787533000000984,
      "medianMs": 44.33783300000141,
      "p95Ms": 83.16875000000073,
      "stdevMs": 17.55765341594801,
      "cv": 0.3147236034966397,
      "totalBytes": 335544320,
      "meanThroughputMiBs": null,
      "medianThroughputMiBs": null
    },
    "download_medium": {
      "count": 5,
      "okCount": 5,
      "failCount": 0,
      "successRate": 1,
      "minMs": 3766.277833,
      "maxMs": 5468.367167000004,
      "meanMs": 4673.055191600001,
      "medianMs": 4560.953417000001,
      "p95Ms": 5468.367167000004,
      "stdevMs": 574.2472972800764,
      "cv": 0.12288476676079244,
      "totalBytes": 335544320,
      "meanThroughputMiBs": 13.91432549177306,
      "medianThroughputMiBs": 14.032153839031414
    },
    "range_read_medium": {
      "count": 5,
      "okCount": 5,
      "failCount": 0,
      "successRate": 1,
      "minMs": 24.615583999999217,
      "maxMs": 70.77312499999971,
      "meanMs": 50.38501680000045,
      "medianMs": 61.03316700000141,
      "p95Ms": 70.77312499999971,
      "stdevMs": 18.85517298456774,
      "cv": 0.37422182589343844,
      "totalBytes": 20480,
      "meanThroughputMiBs": 0.09297822123977179,
      "medianThroughputMiBs": 0.06400208594779146
    },
    "delete_medium": {
      "count": 5,
      "okCount": 5,
      "failCount": 0,
      "successRate": 1,
      "minMs": 19.551832999997714,
      "maxMs": 34.315583000003244,
      "meanMs": 23.758633199999167,
      "medianMs": 21.603790999997727,
      "p95Ms": 34.315583000003244,
      "stdevMs": 5.433991255183147,
      "cv": 0.2287164926298596,
      "totalBytes": 0,
      "meanThroughputMiBs": null,
      "medianThroughputMiBs": null
    },
    "post_delete_head_medium": {
      "count": 5,
      "okCount": 5,
      "failCount": 0,
      "successRate": 1,
      "minMs": 13.68316600000253,
      "maxMs": 18.993415999997524,
      "meanMs": 15.339099600001646,
      "medianMs": 14.888875000000553,
      "p95Ms": 18.993415999997524,
      "stdevMs": 1.8885082462487344,
      "cv": 0.12311728168506916,
      "totalBytes": 0,
      "meanThroughputMiBs": null,
      "medianThroughputMiBs": null
    },
    "upload_large": {
      "count": 5,
      "okCount": 5,
      "failCount": 0,
      "successRate": 1,
      "minMs": 11415.008249999999,
      "maxMs": 14111.338499999983,
      "meanMs": 12806.392733399993,
      "medianMs": 13124.616583000003,
      "p95Ms": 14111.338499999983,
      "stdevMs": 1082.2011306520453,
      "cv": 0.08450475892634364,
      "totalBytes": 1342177280,
      "meanThroughputMiBs": 20.136375307835966,
      "medianThroughputMiBs": 19.505331708629917
    },
    "head_object_large": {
      "count": 5,
      "okCount": 5,
      "failCount": 0,
      "successRate": 1,
      "minMs": 41.95816599999671,
      "maxMs": 128.4083329999994,
      "meanMs": 66.26558319999894,
      "medianMs": 47.79366700000537,
      "p95Ms": 128.4083329999994,
      "stdevMs": 32.330686536418334,
      "cv": 0.4878956009311761,
      "totalBytes": 1342177280,
      "meanThroughputMiBs": null,
      "medianThroughputMiBs": null
    },
    "download_large": {
      "count": 5,
      "okCount": 5,
      "failCount": 0,
      "successRate": 1,
      "minMs": 13231.765832999983,
      "maxMs": 15366.567583000011,
      "meanMs": 14185.597949799994,
      "medianMs": 14078.450791999989,
      "p95Ms": 15366.567583000011,
      "stdevMs": 864.0063404225496,
      "cv": 0.06090729086500942,
      "totalBytes": 1342177280,
      "meanThroughputMiBs": 18.113089368131316,
      "medianThroughputMiBs": 18.183818928817846
    },
    "delete_large": {
      "count": 5,
      "okCount": 5,
      "failCount": 0,
      "successRate": 1,
      "minMs": 25.4945000000007,
      "maxMs": 47.319917000015266,
      "meanMs": 35.423966600003766,
      "medianMs": 31.168124999996508,
      "p95Ms": 47.319917000015266,
      "stdevMs": 9.652417502945607,
      "cv": 0.2724826841651488,
      "totalBytes": 0,
      "meanThroughputMiBs": null,
      "medianThroughputMiBs": null
    },
    "post_delete_head_large": {
      "count": 5,
      "okCount": 5,
      "failCount": 0,
      "successRate": 1,
      "minMs": 14.395082999995793,
      "maxMs": 17.31112500000745,
      "meanMs": 15.790382999993744,
      "medianMs": 15.53683299999102,
      "p95Ms": 17.31112500000745,
      "stdevMs": 1.0195427533799206,