{
  "name": "MEGA S4 Amsterdam",
  "providerKey": "mega-s4-amsterdam",
  "aggregates": {
    "upload_small": {
      "count": 5,
      "okCount": 5,
      "failCount": 0,
      "successRate": 1,
      "minMs": 696.7801249998156,
      "maxMs": 2341.9421250000596,
      "meanMs": 1363.4900497999508,
      "medianMs": 1025.3610419998877,
      "p95Ms": 2341.9421250000596,
      "stdevMs": 648.1877935727193,
      "cv": 0.4753887229817485,
      "totalBytes": 41943040,
      "meanThroughputMiBs": 7.287829579569873,
      "medianThroughputMiBs": 7.802129857007846
    },
    "head_object_small": {
      "count": 5,
      "okCount": 5,
      "failCount": 0,
      "successRate": 1,
      "minMs": 9.584791000001132,
      "maxMs": 22.033708000089973,
      "meanMs": 12.886941400030627,
      "medianMs": 11.18854200001806,
      "p95Ms": 22.033708000089973,
      "stdevMs": 4.613619187228628,
      "cv": 0.3580073070882175,
      "totalBytes": 41943040,
      "meanThroughputMiBs": null,
      "medianThroughputMiBs": null
    },
    "download_small": {
      "count": 5,
      "okCount": 5,
      "failCount": 0,
      "successRate": 1,
      "minMs": 344.33754099998623,
      "maxMs": 565.8307090001181,
      "meanMs": 444.0244917999953,
      "medianMs": 444.6148329998832,
      "p95Ms": 565.8307090001181,
      "stdevMs": 77.867225754193,
      "cv": 0.17536696103976898,
      "totalBytes": 41943040,
      "meanThroughputMiBs": 18.574741566708433,
      "medianThroughputMiBs": 17.993101908055554
    },
    "range_read_small": {
      "count": 5,
      "okCount": 5,
      "failCount": 0,
      "successRate": 1,
      "minMs": 18.804999999934807,
      "maxMs": 88.6658330000937,
      "meanMs": 36.92210800005123,
      "medianMs": 25.956250000046566,
      "p95Ms": 88.6658330000937,
      "stdevMs": 26.081417398753608,
      "cv": 0.7063902580729523,
      "totalBytes": 20480,
      "meanThroughputMiBs": 0.1423868317109433,
      "medianThroughputMiBs": 0.15049361907028141
    },
    "delete_small": {
      "count": 5,
      "okCount": 5,
      "failCount": 0,
      "successRate": 1,
      "minMs": 65.63883399986662,
      "maxMs": 72.98454199987464,
      "meanMs": 68.42835019994527,
      "medianMs": 67.94612500001676,
      "p95Ms": 72.98454199987464,
      "stdevMs": 2.450620577752246,
      "cv": 0.03581294259749968,
      "totalBytes": 0,
      "meanThroughputMiBs": null,
      "medianThroughputMiBs": null
    },
    "post_delete_head_small": {
      "count": 5,
      "okCount": 5,
      "failCount": 0,
      "successRate": 1,
      "minMs": 9.118999999947846,
      "maxMs": 17.724875000072643,
      "meanMs": 12.19462499995716,
      "medianMs": 12.233499999856576,
      "p95Ms": 17.724875000072643,
      "stdevMs": 3.0722793586012522,
      "cv": 0.25193717384602193,
      "totalBytes": 0,
      "meanThroughputMiBs": null,
      "medianThroughputMiBs": null
    },
    "upload_medium": {
      "count": 5,
      "okCount": 5,
      "failCount": 0,
      "successRate": 1,
      "minMs": 3650.8572080000304,
      "maxMs": 5644.821457999991,
      "meanMs": 4460.862858000025,
      "medianMs": 3913.15699999989,
      "p95Ms": 5644.821457999991,
      "stdevMs": 806.8444466508693,
      "cv": 0.18087183406768267,
      "totalBytes": 335544320,
      "meanThroughputMiBs": 14.796429984219083,
      "medianThroughputMiBs": 16.355081076481675
    },
    "head_object_medium": {
      "count": 5,
      "okCount": 5,
      "failCount": 0,
      "successRate": 1,
      "minMs": 9.830500000156462,
      "maxMs": 13.017499999841675,
      "meanMs": 11.11304999999702,
      "medianMs": 10.78524999995716,
      "p95Ms": 13.017499999841675,
      "stdevMs": 1.1600252195224916,
      "cv": 0.10438405473950019,
      "totalBytes": 335544320,
      "meanThroughputMiBs": null,
      "medianThroughputMiBs": null
    },
    "download_medium": {
      "count": 5,
      "okCount": 5,
      "failCount": 0,
      "successRate": 1,
      "minMs": 3456.324624999892,
      "maxMs": 13935.588416999904,
      "meanMs": 6219.229549799999,
      "medianMs": 4053.881666000001,
      "p95Ms": 13935.588416999904,
      "stdevMs": 3947.123371618535,
      "cv": 0.6346643647757733,
      "totalBytes": 335544320,
      "meanThroughputMiBs": 13.341363048324666,
      "medianThroughputMiBs": 15.787337981956767
    },
    "range_read_medium": {
      "count": 5,
      "okCount": 5,
      "failCount": 0,
      "successRate": 1,
      "minMs": 21.818834000034258,
      "maxMs": 261.1248749999795,
      "meanMs": 75.56978339995257,
      "medianMs": 31.629499999806285,
      "p95Ms": 261.1248749999795,
      "stdevMs": 92.85549440978988,
      "cv": 1.2287383955879931,
      "totalBytes": 20480,
      "meanThroughputMiBs": 0.11288714951172947,
      "medianThroughputMiBs": 0.12350021340912515
    },
    "delete_medium": {
      "count": 5,
      "okCount": 5,
      "failCount": 0,
      "successRate": 1,
      "minMs": 61.43900000001304,
      "maxMs": 96.12899999995716,
      "meanMs": 74.63237479995004,
      "medianMs": 72.30562499980442,
      "p95Ms": 96.12899999995716,
      "stdevMs": 11.518980584719246,
      "cv": 0.15434294588100064,
      "totalBytes": 0,
      "meanThroughputMiBs": null,
      "medianThroughputMiBs": null
    },
    "post_delete_head_medium": {
      "count": 5,
      "okCount": 5,
      "failCount": 0,
      "successRate": 1,
      "minMs": 9.442333000013605,
      "maxMs": 585.9678330000024,
      "meanMs": 156.33147500003687,
      "medianMs": 11.873667000094429,
      "p95Ms": 585.9678330000024,
      "stdevMs": 222.9544123623569,
      "cv": 1.4261645798602252,
      "totalBytes": 0,
      "meanThroughputMiBs": null,
      "medianThroughputMiBs": null
    },
    "upload_large": {
      "count": 5,
      "okCount": 5,
      "failCount": 0,
      "successRate": 1,
      "minMs": 12541.41404199996,
      "maxMs": 20080.053000000073,
      "meanMs": 15654.065992000047,
      "medianMs": 13999.98141700006,
      "p95Ms": 20080.053000000073,
      "stdevMs": 3108.5680214348886,
      "cv": 0.19857895214083746,
      "totalBytes": 1342177280,
      "meanThroughputMiBs": 16.97733719756825,
      "medianThroughputMiBs": 18.285738557419894
    },
    "head_object_large": {
      "count": 5,
      "okCount": 5,
      "failCount": 0,
      "successRate": 1,
      "minMs": 13.399124999996275,
      "maxMs": 74.15841699996963,
      "meanMs": 42.768599999975415,
      "medianMs": 45.86308300006203,
      "p95Ms": 74.15841699996963,
      "stdevMs": 22.258047136960947,
      "cv": 0.5204296408340171,
      "totalBytes": 1342177280,
      "meanThroughputMiBs": null,
      "medianThroughputMiBs": null
    },
    "download_large": {
      "count": 5,
      "okCount": 5,
      "failCount": 0,
      "successRate": 1,
      "minMs": 17985.142500000075,
      "maxMs": 35976.21295900014,
      "meanMs": 24255.54890839998,
      "medianMs": 22405.70795799978,
      "p95Ms": 35976.21295900014,
      "stdevMs": 6110.33308101896,
      "cv": 0.2519148547861921,
      "totalBytes": 1342177280,
      "meanThroughputMiBs": 11.115637762446202,
      "medianThroughputMiBs": 11.425659947004586
    },
    "delete_large": {
      "count": 5,
      "okCount": 5,
      "failCount": 0,
      "successRate": 1,
      "minMs": 69.3585839997977,
      "maxMs": 84.75908300001174,
      "meanMs": 75.53995019998402,
      "medianMs": 71.98666699999012,
      "p95Ms": 84.75908300001174,
      "stdevMs": 5.896393940234029,
      "cv": 0.07805662996366758,
      "totalBytes": 0,
      "meanThroughputMiBs": null,
      "medianThroughputMiBs": null
    },
    "post_delete_head_large": {
      "count": 5,
      "okCount": 5,
      "failCount": 0,
      "successRate": 1,
      "minMs": 10.994999999878928,
      "maxMs": 171.60108299995773,
      "meanMs": 57.41936659999192,
      "medianMs": 15.03900000010617,
      "p95Ms": 171.60108299995773,
      "stdevMs": 61.815412050065994,
      "cv": 1.076560326426079,