{
  "name": "Wasabi EU Central 2",
  "providerKey": "wasabi-eu-central-2",
  "aggregates": {
    "upload_small": {
      "count": 5,
      "okCount": 5,
      "failCount": 0,
      "successRate": 1,
      "minMs": 472.3696659998968,
      "maxMs": 628.6935000000522,
      "meanMs": 543.7629750000312,
      "medianMs": 507.2868750002235,
      "p95Ms": 628.6935000000522,
      "stdevMs": 67.22071493691689,
      "cv": 0.12362135347099171,
      "totalBytes": 41943040,
      "meanThroughputMiBs": 14.931908654676835,
      "medianThroughputMiBs": 15.77016949235376
    },
    "head_object_small": {
      "count": 5,
      "okCount": 5,
      "failCount": 0,
      "successRate": 1,
      "minMs": 39.339833000674844,
      "maxMs": 111.73525000084192,
      "meanMs": 77.59812500029803,
      "medianMs": 79.0184999993071,
      "p95Ms": 111.73525000084192,
      "stdevMs": 23.371046732458716,
      "cv": 0.3011805598700865,
      "totalBytes": 41943040,
      "meanThroughputMiBs": null,
      "medianThroughputMiBs": null
    },
    "download_small": {
      "count": 5,
      "okCount": 5,
      "failCount": 0,
      "successRate": 1,
      "minMs": 471.51654199976474,
      "maxMs": 888.5421249996871,
      "meanMs": 635.1617749998346,
      "medianMs": 587.4583749994636,
      "p95Ms": 888.5421249996871,
      "stdevMs": 141.01215009994013,
      "cv": 0.22200981804986114,
      "totalBytes": 41943040,
      "meanThroughputMiBs": 13.16483411804927,
      "medianThroughputMiBs": 13.617986125412385
    },
    "range_read_small": {
      "count": 5,
      "okCount": 5,
      "failCount": 0,
      "successRate": 1,
      "minMs": 29.538958000019193,
      "maxMs": 59.19812500011176,
      "meanMs": 40.77526660002768,
      "medianMs": 39.37912499997765,
      "p95Ms": 59.19812500011176,
      "stdevMs": 10.386202266033306,
      "cv": 0.2547181939461864,
      "totalBytes": 20480,
      "meanThroughputMiBs": 0.10153905659052438,
      "medianThroughputMiBs": 0.09919595724897942
    },
    "delete_small": {
      "count": 5,
      "okCount": 5,
      "failCount": 0,
      "successRate": 1,
      "minMs": 27.875792000442743,
      "maxMs": 44.230082999914885,
      "meanMs": 37.079316600039604,
      "medianMs": 39.941040999256074,
      "p95Ms": 44.230082999914885,
      "stdevMs": 5.936573008582759,
      "cv": 0.16010470399490637,
      "totalBytes": 0,
      "meanThroughputMiBs": null,
      "medianThroughputMiBs": null
    },
    "post_delete_head_small": {
      "count": 5,
      "okCount": 5,
      "failCount": 0,
      "successRate": 1,
      "minMs": 15.023583000525832,
      "maxMs": 29.25525000039488,
      "meanMs": 21.771591600216926,
      "medianMs": 22.346667000092566,
      "p95Ms": 29.25525000039488,
      "stdevMs": 4.741246564565757,
      "cv": 0.2177721616144277,
      "totalBytes": 0,
      "meanThroughputMiBs": null,
      "medianThroughputMiBs": null
    },
    "upload_medium": {
      "count": 5,
      "okCount": 5,
      "failCount": 0,
      "successRate": 1,
      "minMs": 4688.6757920002565,
      "maxMs": 19230.562750000507,
      "meanMs": 10195.698366800138,
      "medianMs": 9179.7089169994,
      "p95Ms": 19230.562750000507,
      "stdevMs": 5078.719550603366,
      "cv": 0.4981237545376005,
      "totalBytes": 335544320,
      "meanThroughputMiBs": 7.90336552369874,
      "medianThroughputMiBs": 6.971898627578693
    },
    "head_object_medium": {
      "count": 5,
      "okCount": 5,
      "failCount": 0,
      "successRate": 1,
      "minMs": 63.05724999960512,
      "maxMs": 91.79895900003612,
      "meanMs": 75.29431679993868,
      "medianMs": 71.42087499983609,
      "p95Ms": 91.79895900003612,
      "stdevMs": 9.898242307529534,
      "cv": 0.13146068293347732,
      "totalBytes": 335544320,
      "meanThroughputMiBs": null,
      "medianThroughputMiBs": null
    },
    "download_medium": {
      "count": 5,
      "okCount": 5,
      "failCount": 0,
      "successRate": 1,
      "minMs": 4376.928499999456,
      "maxMs": 17395.432333000004,
      "meanMs": 8179.451899799891,
      "medianMs": 6100.914290999994,
      "p95Ms": 17395.432333000004,
      "stdevMs": 4782.583616124345,
      "cv": 0.5847071019809225,
      "totalBytes": 335544320,
      "meanThroughputMiBs": 9.94054707793513,
      "medianThroughputMiBs": 10.490230963318425
    },
    "range_read_medium": {
      "count": 5,
      "okCount": 5,
      "failCount": 0,
      "successRate": 1,
      "minMs": 31.965750000439584,
      "maxMs": 52.1860830001533,
      "meanMs": 42.15098320003599,
      "medianMs": 42.490375000052154,
      "p95Ms": 52.1860830001533,
      "stdevMs": 6.590356534873669,
      "cv": 0.15635119360319077,
      "totalBytes": 20480,
      "meanThroughputMiBs": 0.09508242130973794,
      "medianThroughputMiBs": 0.09193258473231185
    },
    "delete_medium": {
      "count": 5,
      "okCount": 5,
      "failCount": 0,
      "successRate": 1,
      "minMs": 53.0367499999702,
      "maxMs": 65.83341600000858,
      "meanMs": 58.82062500007451,
      "medianMs": 57.535542000085115,
      "p95Ms": 65.83341600000858,
      "stdevMs": 4.430535265604731,
      "cv": 0.07532281857935237,
      "totalBytes": 0,
      "meanThroughputMiBs": null,
      "medianThroughputMiBs": null
    },
    "post_delete_head_medium": {
      "count": 5,
      "okCount": 5,
      "failCount": 0,
      "successRate": 1,
      "minMs": 12.422582999803126,
      "maxMs": 18.308000000193715,
      "meanMs": 16.01316660027951,
      "medianMs": 17.568292000330985,
      "p95Ms": 18.308000000193715,
      "stdevMs": 2.5415350422889156,
      "cv": 0.15871533131020774,
      "totalBytes": 0,
      "meanThroughputMiBs": null,
      "medianThroughputMiBs": null
    },
    "upload_large": {
      "count": 5,
      "okCount": 5,
      "failCount": 0,
      "successRate": 1,
      "minMs": 13447.753124999814,
      "maxMs": 20931.88666599989,
      "meanMs": 16669.879641399904,
      "medianMs": 15325.22733299993,
      "p95Ms": 20931.88666599989,
      "stdevMs": 2800.136280049885,
      "cv": 0.1679757946839462,
      "totalBytes": 1342177280,
      "meanThroughputMiBs": 15.777591254596583,
      "medianThroughputMiBs": 16.704483035547096
    },
    "head_object_large": {
      "count": 5,
      "okCount": 5,
      "failCount": 0,
      "successRate": 1,
      "minMs": 81.84079100005329,
      "maxMs": 171.0835000006482,
      "meanMs": 120.00927520021796,
      "medianMs": 119.20020900014788,
      "p95Ms": 171.0835000006482,
      "stdevMs": 31.429605992212146,
      "cv": 0.26189314067413905,
      "totalBytes": 1342177280,
      "meanThroughputMiBs": null,
      "medianThroughputMiBs": null
    },
    "download_large": {
      "count": 5,
      "okCount": 5,
      "failCount": 0,
      "successRate": 1,
      "minMs": 13530.737707999535,
      "maxMs": 27844.957709000446,
      "meanMs": 17727.912116800064,
      "medianMs": 16065.044625000097,
      "p95Ms": 27844.957709000446,
      "stdevMs": 5149.716423145696,
      "cv": 0.29048634657126415,
      "totalBytes": 1342177280,
      "meanThroughputMiBs": 15.384943982470011,
      "medianThroughputMiBs": 15.935218729589955
    },
    "delete_large": {
      "count": 5,
      "okCount": 5,
      "failCount": 0,
      "successRate": 1,
      "minMs": 32.54712500050664,
      "maxMs": 5055.574292000383,
      "meanMs": 2045.9495500002056,
      "medianMs": 74.59458300005645,
      "p95Ms": 5055.574292000383,
      "stdevMs": 2447.2876996274917,
      "cv": 1.1961622903298108,
      "totalBytes": 0,
      "meanThroughputMiBs": null,
      "medianThroughputMiBs": null
    },
    "post_delete_head_large": {
      "count": 5,
      "okCount": 5,
      "failCount": 0,
      "successRate": 1,
      "minMs": 12.600749999284744,
      "maxMs": 24.622333000414073,
      "meanMs": 17.532108199968935,
      "medianMs": 17.46179199963808,
      "p95Ms": 24.622333000414073,
      "stdevMs": 4.007339906492617,